timestamp,region,product,channel,units,price,revenue,cost,margin,cpu_pct,latency_ms,err_rate
2024-01-01,US,Widget A,partner,224,57.86,12960.64,7741.32,5219.32,68.8,289.8,0.768
2024-01-02,US,Widget A,online,220,88.16,19395.2,10904.93,8490.27,71.3,240.8,0.663
2024-01-03,LATAM,Widget B,retail,128,104.75,13408.0,6051.03,7356.97,76.3,244.2,0.406
2024-01-04,APAC,Widget A,online,152,68.72,10445.44,5419.0,5026.44,49.2,55.0,0.647
2024-01-05,LATAM,Widget A,retail,92,63.45,5837.4,3360.75,2476.65,81.4,151.4,0.54
2024-01-06,EU,Gadget C,online,252,109.32,27548.64,14491.28,13057.36,59.6,297.6,0.607
2024-01-07,EU,Gadget C,retail,173,61.36,10615.28,6765.45,3849.83,70.0,232.1,0.731
2024-01-08,EU,Gizmo D,retail,182,114.03,20753.46,12195.41,8558.05,48.0,145.9,0.927
2024-01-09,US,Widget B,online,327,72.09,23573.43,10920.1,12653.33,84.8,223.9,0.458
2024-01-10,LATAM,Gizmo D,partner,125,61.19,7648.75,3819.22,3829.53,66.6,128.9,0.297
2024-01-11,LATAM,Gizmo D,retail,107,119.8,12818.6,7074.65,5743.95,42.0,60.8,0.825
2024-01-12,LATAM,Widget A,retail,121,119.69,14482.49,8049.7,6432.79,89.1,322.4,0.768
2024-01-13,US,Widget A,partner,351,100.07,35124.57,21205.4,13919.17,55.7,140.5,0.513
2024-01-14,APAC,Widget B,partner,220,109.64,24120.8,12294.11,11826.69,72.1,242.0,0.52
2024-01-15,EU,Gadget C,online,227,102.29,23219.83,12911.87,10307.96,37.8,150.1,1.185
2024-01-16,APAC,Widget B,online,151,85.39,12893.89,6005.35,6888.54,77.6,306.9,0.584
2024-01-17,EU,Widget B,partner,222,83.98,18643.56,9377.92,9265.64,85.5,180.1,0.589
2024-01-18,EU,Gadget C,retail,295,91.99,27137.05,14589.42,12547.63,66.4,83.3,0.863
2024-01-19,EU,Widget A,retail,163,84.31,13742.53,7801.47,5941.06,38.7,266.0,0.604
2024-01-20,US,Gadget C,online,302,62.28,18808.56,10289.84,8518.72,67.9,267.8,0.541
2024-01-21,LATAM,Widget B,retail,165,55.23,9112.95,4277.49,4835.46,62.0,172.8,0.026
2024-01-22,US,Widget A,retail,345,104.05,35897.25,16938.25,18959.0,49.0,204.2,0.6
2024-01-23,EU,Gizmo D,online,204,59.98,12235.92,7765.56,4470.36,62.8,297.3,0.408
2024-01-24,US,Widget A,online,246,78.85,19397.1,9557.91,9839.19,60.6,58.6,0.47
2024-01-25,LATAM,Widget A,retail,122,102.73,12533.06,6780.41,5752.65,61.8,314.6,0.882
2024-01-26,LATAM,Widget B,online,126,117.5,14805.0,8377.2,6427.8,68.3,250.1,0.489
2024-01-27,US,Widget A,partner,309,113.55,35086.95,19516.25,15570.7,41.6,179.2,0.567
2024-01-28,US,Widget B,retail,244,111.22,27137.68,13548.3,13589.38,71.0,206.0,0.409
2024-01-29,LATAM,Gadget C,retail,120,97.3,11676.0,5811.58,5864.42,60.0,216.1,0.419
2024-01-30,US,Widget A,retail,343,85.04,29168.72,13709.19,15459.53,67.7,169.0,0.749
2024-01-31,EU,Gadget C,online,304,69.56,21146.24,10182.96,10963.28,83.7,216.7,0
2024-02-01,US,Gadget C,partner,246,110.25,27121.5,13639.22,13482.28,86.5,223.0,0
2024-02-02,EU,Gadget C,retail,266,97.41,25911.06,12715.06,13196.0,72.4,101.0,0
2024-02-03,US,Widget A,partner,312,62.13,19384.56,8736.8,10647.76,79.5,191.1,0.547
2024-02-04,APAC,Widget B,partner,195,96.45,18807.75,10573.37,8234.38,43.7,263.7,0.438
2024-02-05,US,Gadget C,partner,341,74.38,25363.58,11625.8,13737.78,57.1,258.6,0.341
2024-02-06,US,Gadget C,online,369,93.35,34446.15,17937.34,16508.81,67.2,243.1,0.992
2024-02-07,EU,Widget B,online,316,41.98,13265.68,7923.76,5341.92,54.8,255.7,0.418
2024-02-08,EU,Gadget C,online,303,48.65,14740.95,9204.74,5536.21,82.4,87.0,0.635
2024-02-09,APAC,Widget B,online,148,55.45,8206.6,4231.75,3974.85,82.2,264.7,0.196
2024-02-10,APAC,Gadget C,partner,210,94.36,19815.6,12260.55,7555.05,53.9,40.9,0.667
2024-02-11,APAC,Widget A,online,222,67.65,15018.3,9120.4,5897.9,59.1,272.2,0.337
2024-02-12,US,Gizmo D,partner,279,43.55,12150.45,6527.36,5623.09,63.0,231.6,0.225
2024-02-13,EU,Gadget C,retail,197,93.14,18348.58,9468.6,8879.98,52.1,244.6,0
2024-02-14,APAC,Gadget C,partner,201,72.19,14510.19,7387.59,7122.6,42.2,141.0,0.92
2024-02-15,EU,Gadget C,retail,275,40.03,11008.25,5585.4,5422.85,57.3,183.8,0.335
2024-02-16,APAC,Gizmo D,retail,207,57.1,11819.7,6437.45,5382.25,80.7,242.8,0.561
2024-02-17,APAC,Widget A,online,238,57.97,13796.86,6758.06,7038.8,36.3,102.1,0.611
2024-02-18,LATAM,Widget A,retail,154,90.38,13918.52,6804.58,7113.94,69.4,170.9,0.517
2024-02-19,US,Widget A,retail,294,104.33,30673.02,18072.0,12601.02,57.5,191.4,0.938
2024-02-20,US,Gizmo D,online,420,93.41,39232.2,25405.93,13826.27,63.5,304.5,0.821
2024-02-21,LATAM,Gizmo D,online,188,77.97,14658.36,7356.13,7302.23,46.2,221.6,0.239
2024-02-22,LATAM,Widget B,retail,159,97.08,15435.72,7669.99,7765.73,50.1,299.4,0.65
2024-02-23,LATAM,Widget B,partner,137,73.19,10027.03,5175.72,4851.31,56.1,60.3,0.583
2024-02-24,LATAM,Gizmo D,partner,211,41.56,8769.16,5490.65,3278.51,61.0,185.3,0.736
2024-02-25,LATAM,Gizmo D,partner,192,83.69,16068.48,9169.49,6898.99,43.7,109.9,0.411
2024-02-26,LATAM,Gizmo D,online,156,93.51,14587.56,8892.99,5694.57,67.2,302.5,1.238
2024-02-27,US,Gizmo D,partner,378,42.17,15940.26,9222.24,6718.02,39.2,188.2,0.092
2024-02-28,US,Gadget C,retail,327,76.38,24976.26,12925.22,12051.04,73.7,132.5,0.799
2024-02-29,US,Gizmo D,online,421,44.17,18595.57,11908.3,6687.27,42.9,67.1,0.405
2024-03-01,US,Widget A,online,301,41.63,12530.63,6020.67,6509.96,38.2,259.5,0.306
2024-03-02,APAC,Gadget C,online,241,117.1,28221.1,16754.06,11467.04,68.0,98.4,0.418
2024-03-03,APAC,Widget A,partner,162,64.96,10523.52,6161.2,4362.32,76.0,173.6,0.474
2024-03-04,EU,Widget A,partner,332,108.02,35862.64,20444.66,15417.98,37.5,362.8,0.384
2024-03-05,US,Gadget C,partner,355,69.65,24725.75,13628.64,11097.11,47.4,319.1,0.562
2024-03-06,APAC,Gizmo D,partner,181,54.09,9790.29,5427.24,4363.05,61.2,243.2,0.373
2024-03-07,LATAM,Gizmo D,retail,206,87.4,18004.4,9262.56,8741.84,42.8,343.4,0.441
2024-03-08,LATAM,Gizmo D,retail,123,108.08,13293.84,6465.7,6828.14,41.2,297.7,0.823
2024-03-09,APAC,Gadget C,partner,258,62.1,16021.8,7242.34,8779.46,74.3,71.6,0.435
2024-03-10,EU,Gizmo D,partner,325,75.85,24651.25,11178.08,13473.17,44.8,169.7,0.159
2024-03-11,EU,Gadget C,partner,303,77.86,23591.58,13121.27,10470.31,50.7,272.2,0.273
2024-03-12,APAC,Gadget C,retail,194,97.7,18953.8,9725.38,9228.42,64.9,330.2,0.908
2024-03-13,EU,Widget B,online,332,62.12,20623.84,11712.64,8911.2,65.7,219.9,1.063
2024-03-14,APAC,Widget B,retail,188,41.13,7732.44,4305.63,3426.81,43.9,326.7,0.431
2024-03-15,APAC,Widget B,partner,284,79.27,22512.68,14060.16,8452.52,57.5,175.9,0.322
2024-03-16,US,Gadget C,retail,291,45.23,13161.93,7217.34,5944.59,57.7,233.9,0.57
2024-03-17,EU,Widget B,partner,370,46.81,17319.7,8653.58,8666.12,57.0,154.8,0.157
2024-03-18,LATAM,Gizmo D,retail,154,87.08,13410.32,7184.79,6225.53,57.6,55.2,0.263
2024-03-19,US,Widget B,partner,314,92.83,29148.62,14032.48,15116.14,39.8,58.1,0.828
2024-03-20,LATAM,Gadget C,online,147,96.56,14194.32,8383.13,5811.19,52.8,217.3,0.506
2024-03-21,APAC,Widget B,retail,180,57.98,10436.4,5007.36,5429.04,44.4,73.3,0.995
2024-03-22,APAC,Gizmo D,online,230,64.33,14795.9,7849.25,6946.65,44.9,172.7,0.695
2024-03-23,LATAM,Widget A,partner,127,74.56,9469.12,4871.52,4597.6,44.1,58.3,1.054
2024-03-24,US,Gadget C,partner,276,100.5,27738.0,15092.25,12645.75,63.0,260.3,0.365
2024-03-25,EU,Gizmo D,partner,348,117.52,40896.96,22248.03,18648.93,51.9,112.8,0.641
2024-03-26,LATAM,Gizmo D,retail,193,72.04,13903.72,8371.43,5532.29,34.7,55.6,0.609
2024-03-27,APAC,Gadget C,online,301,72.33,21771.33,12037.79,9733.54,80.0,191.5,0.201
2024-03-28,EU,Gadget C,partner,338,90.03,30430.14,18318.89,12111.25,43.1,164.9,0.418
2024-03-29,APAC,Gizmo D,partner,232,42.31,9815.92,5654.01,4161.91,71.9,202.9,0.481
2024-03-30,LATAM,Widget A,online,228,113.03,25770.84,13975.26,11795.58,39.5,232.4,0.546
2024-03-31,LATAM,Gadget C,partner,197,73.24,14428.28,7885.05,6543.23,57.0,143.5,0.62
2024-04-01,EU,Widget A,retail,341,108.35,36947.35,19137.81,17809.54,72.8,98.8,0.654
2024-04-02,US,Gadget C,partner,335,86.96,29131.6,18929.14,10202.46,58.6,70.9,0.232
2024-04-03,LATAM,Gizmo D,retail,214,118.46,25350.44,12618.46,12731.98,53.7,245.8,0.434
2024-04-04,LATAM,Widget A,retail,201,96.42,19380.42,11866.28,7514.14,54.2,201.1,0.863
2024-04-05,LATAM,Widget A,online,175,87.21,15261.75,9522.42,5739.33,79.1,147.7,0
2024-04-06,LATAM,Widget A,partner,137,109.67,15024.79,9675.83,5348.96,39.2,238.0,0.46
2024-04-07,LATAM,Widget A,retail,212,108.75,23055.0,12126.97,10928.03,51.8,225.8,0.917
2024-04-08,LATAM,Widget A,partner,129,90.49,11673.21,7402.98,4270.23,87.0,237.5,0.375
2024-04-09,US,Gizmo D,online,423,112.27,47490.21,21807.42,25682.79,77.1,118.7,0.555
2024-04-10,APAC,Gizmo D,online,197,72.96,14373.12,8427.82,5945.3,45.6,88.1,0.272
2024-04-11,EU,Gizmo D,partner,228,76.89,17530.92,8779.41,8751.51,49.8,43.0,0.313
2024-04-12,LATAM,Gadget C,partner,179,45.91,8217.89,5251.62,2966.27,88.6,127.2,0.946
2024-04-13,LATAM,Gadget C,online,226,108.27,24469.02,11533.0,12936.02,57.0,146.9,0.391
2024-04-14,APAC,Gadget C,online,297,92.66,27520.02,13894.75,13625.27,67.1,246.6,0.497
2024-04-15,LATAM,Gadget C,online,184,68.19,12546.96,7243.66,5303.3,70.4,248.0,0.405
2024-04-16,EU,Widget A,partner,313,64.71,20254.23,10900.11,9354.12,68.5,268.3,0.712
2024-04-17,LATAM,Widget B,online,134,83.15,11142.1,7178.83,3963.27,66.2,327.9,0.635
2024-04-18,EU,Gadget C,retail,368,63.61,23408.48,14608.75,8799.73,81.2,191.8,0.947
2024-04-19,EU,Gizmo D,partner,263,103.25,27154.75,12295.23,14859.52,67.0,189.2,0.729
2024-04-20,APAC,Gizmo D,partner,289,48.67,14065.63,6987.3,7078.33,39.4,327.5,0
2024-04-21,EU,Widget A,partner,341,112.75,38447.75,19625.19,18822.56,60.4,90.6,0.249
2024-04-22,US,Gadget C,retail,285,58.78,16752.3,9339.56,7412.74,59.5,165.3,0.94
2024-04-23,LATAM,Widget B,retail,186,106.7,19846.2,11374.46,8471.74,89.7,136.1,0.355
2024-04-24,APAC,Widget B,retail,219,58.89,12896.91,6739.12,6157.79,92.2,164.1,0.852
2024-04-25,US,Gizmo D,retail,299,49.77,14881.23,9220.51,5660.72,63.4,258.5,0.25
2024-04-26,US,Widget A,retail,310,50.07,15521.7,8737.41,6784.29,42.2,289.9,0.556
2024-04-27,EU,Gadget C,online,330,87.68,28934.4,14625.04,14309.36,92.6,358.4,0.702
2024-04-28,APAC,Widget B,online,246,42.06,10346.76,4686.79,5659.97,81.9,119.7,0.417
2024-04-29,US,Widget B,partner,347,49.09,17034.23,7881.94,9152.29,63.1,157.1,0.666
2024-04-30,US,Gizmo D,partner,302,89.21,26941.42,16042.23,10899.19,88.4,246.4,0.363
2024-05-01,US,Widget A,retail,438,74.1,32455.8,15305.91,17149.89,77.5,177.8,0.908
2024-05-02,US,Gadget C,partner,285,50.1,14278.5,8208.19,6070.31,70.4,255.3,0.203
2024-05-03,APAC,Gizmo D,partner,235,47.93,11263.55,6649.5,4614.05,84.9,233.2,0.775
2024-05-04,EU,Gizmo D,retail,341,73.11,24930.51,15344.33,9586.18,60.0,251.9,0.401
2024-05-05,APAC,Gadget C,online,245,77.94,19095.3,8941.28,10154.02,42.8,162.9,0.74
2024-05-06,APAC,Widget B,partner,161,116.53,18761.33,10550.18,8211.15,74.4,154.0,1.0
2024-05-07,LATAM,Widget A,retail,174,68.13,11854.62,6704.78,5149.84,49.4,218.3,0
2024-05-08,EU,Widget A,retail,330,69.4,22902.0,13798.94,9103.06,68.7,254.5,0.958
2024-05-09,US,Gadget C,online,286,96.22,27518.92,14084.1,13434.82,55.8,39.2,0
2024-05-10,EU,Gizmo D,online,213,90.65,19308.45,8807.19,10501.26,77.3,92.5,0.26
2024-05-11,APAC,Gadget C,partner,194,115.31,22370.14,12734.08,9636.06,84.2,75.8,0.632
2024-05-12,US,Widget A,retail,339,73.92,25058.88,14319.02,10739.86,59.0,89.6,0.225
2024-05-13,US,Gadget C,partner,388,78.93,30624.84,17867.34,12757.5,39.2,132.7,0.479
2024-05-14,US,Widget A,online,307,56.9,17468.3,8340.19,9128.11,50.0,114.8,0.997
2024-05-15,EU,Widget B,retail,273,58.41,15945.93,8957.54,6988.39,71.2,120.0,0.524
2024-05-16,LATAM,Widget A,retail,114,113.69,12960.66,8067.0,4893.66,66.0,171.6,0.421
2024-05-17,US,Gizmo D,online,443,53.75,23811.25,15227.84,8583.41,59.7,198.5,0.198
2024-05-18,APAC,Widget A,retail,256,59.47,15224.32,8643.98,6580.34,62.6,128.2,0.399
2024-05-19,APAC,Widget B,online,213,49.12,10462.56,5775.23,4687.33,81.6,117.2,0.754
2024-05-20,EU,Widget B,online,208,55.78,11602.24,6618.84,4983.4,73.7,190.8,0.728
2024-05-21,LATAM,Gizmo D,partner,182,75.91,13815.62,8770.58,5045.04,63.4,187.1,0.963
2024-05-22,APAC,Gadget C,online,202,77.51,15657.02,9022.78,6634.24,74.5,178.1,0.43
2024-05-23,LATAM,Gizmo D,online,115,106.54,12252.1,5701.47,6550.63,77.4,244.8,0.594
2024-05-24,LATAM,Gizmo D,partner,161,103.35,16639.35,10469.07,6170.28,56.5,236.7,0.347
2024-05-25,LATAM,Widget B,online,151,104.88,15836.88,9778.88,6058.0,82.1,57.3,0.284
2024-05-26,EU,Widget A,online,291,119.28,34710.48,19257.85,15452.63,63.5,129.9,0.758
2024-05-27,APAC,Widget A,partner,225,45.27,10185.75,4776.11,5409.64,66.4,111.4,0.354
2024-05-28,EU,Gadget C,online,271,51.31,13905.01,7230.11,6674.9,79.8,223.5,0.186
2024-05-29,US,Gadget C,partner,309,103.33,31928.97,19560.87,12368.1,65.2,263.0,0.753
2024-05-30,US,Gizmo D,partner,306,69.01,21117.06,10264.0,10853.06,43.2,300.8,0.286
2024-05-31,EU,Widget B,online,224,103.05,23083.2,12731.26,10351.94,58.3,247.8,0.519
2024-06-01,US,Gadget C,partner,258,70.14,18096.12,8730.46,9365.66,71.6,261.7,0.565
2024-06-02,LATAM,Widget A,retail,140,97.57,13659.8,8795.79,4864.01,60.9,260.9,0.332
2024-06-03,LATAM,Widget B,partner,128,117.25,15008.0,9107.97,5900.03,74.2,99.8,0.33
2024-06-04,LATAM,Gizmo D,retail,177,80.23,14200.71,7579.38,6621.33,39.7,103.1,0.149
2024-06-05,EU,Gadget C,online,274,109.93,30120.82,16895.01,13225.81,36.8,302.0,0.646
2024-06-06,EU,Gadget C,retail,314,51.79,16262.06,8740.77,7521.29,75.2,112.9,0.302
2024-06-07,LATAM,Gadget C,online,143,71.72,10255.96,5382.25,4873.71,49.4,70.2,0.542
2024-06-08,US,Gadget C,online,256,62.95,16115.2,9926.19,6189.01,63.4,89.0,0.759
2024-06-09,LATAM,Gizmo D,partner,105,46.34,4865.7,2438.61,2427.09,69.5,220.2,0.448
2024-06-10,US,Gadget C,online,287,43.82,12576.34,6715.33,5861.01,67.5,192.1,0.136
2024-06-11,US,Gizmo D,partner,332,90.56,30065.92,16987.53,13078.39,64.0,139.5,0.78
2024-06-12,LATAM,Widget B,partner,165,81.88,13510.2,7053.96,6456.24,74.5,221.2,0.503
2024-06-13,US,Gizmo D,retail,235,70.95,16673.25,8747.8,7925.45,65.1,160.9,0.703
2024-06-14,US,Gadget C,online,235,83.68,19664.8,12048.66,7616.14,39.4,296.1,0.592
2024-06-15,LATAM,Gizmo D,partner,120,50.79,6094.8,3615.49,2479.31,74.0,57.5,0.659
2024-06-16,US,Gadget C,retail,326,119.13,38836.38,21694.24,17142.14,42.9,284.7,1.007
2024-06-17,EU,Gadget C,retail,302,43.82,13233.64,7690.68,5542.96,43.9,296.9,0.22
2024-06-18,LATAM,Gizmo D,retail,191,79.7,15222.7,8364.94,6857.76,73.4,206.6,0.617
2024-06-19,US,Gizmo D,online,308,119.61,36839.88,17907.55,18932.33,45.0,75.7,0.382
2024-06-20,LATAM,Gizmo D,online,165,68.12,11239.8,5153.12,6086.68,71.3,150.7,0.722
2024-06-21,LATAM,Gadget C,partner,191,115.83,22123.53,10287.62,11835.91,60.9,151.8,0.643
2024-06-22,US,Widget B,partner,356,75.05,26717.8,12697.53,14020.27,42.8,232.5,0.071
2024-06-23,APAC,Gizmo D,partner,142,52.28,7423.76,4008.72,3415.04,49.1,170.2,0.645
2024-06-24,APAC,Gizmo D,retail,215,59.97,12893.55,6094.65,6798.9,66.2,182.9,0.576
2024-06-25,LATAM,Widget A,retail,172,96.32,16567.04,8166.13,8400.91,60.7,234.0,0.701
2024-06-26,EU,Widget A,retail,198,97.07,19219.86,12482.39,6737.47,70.3,304.7,0.498
2024-06-27,APAC,Gadget C,partner,146,83.37,12172.02,7647.27,4524.75,72.6,230.1,0.884
2024-06-28,APAC,Widget B,online,255,103.37,26359.35,13109.75,13249.6,56.2,133.1,0.312
2024-06-29,APAC,Gizmo D,partner,154,110.74,17053.96,7898.54,9155.42,52.0,223.1,0.194
2024-06-30,LATAM,Widget A,online,190,91.39,17364.1,9376.53,7987.57,65.7,124.3,0.541
2024-07-01,EU,Widget B,retail,248,109.46,27146.08,16729.54,10416.54,58.3,112.2,0.868
2024-07-02,EU,Gadget C,partner,307,107.67,33054.69,16531.35,16523.34,64.4,171.7,1.096
2024-07-03,EU,Gadget C,partner,253,80.21,20293.13,9816.34,10476.79,79.7,72.6,0.24
2024-07-04,APAC,Widget A,online,149,115.88,17266.12,10432.27,6833.85,47.1,85.6,0.098
2024-07-05,LATAM,Widget A,retail,184,83.65,15391.6,8902.22,6489.38,49.3,93.1,0.608
2024-07-06,LATAM,Widget A,partner,110,75.17,8268.7,4521.74,3746.96,44.8,178.9,0.213
2024-07-07,APAC,Gadget C,partner,258,67.63,17448.54,9243.25,8205.29,72.8,156.6,0.675
2024-07-08,US,Gadget C,retail,276,47.74,13176.24,6694.09,6482.15,54.4,180.5,0.638
2024-07-09,EU,Widget B,retail,316,97.69,30870.04,15063.56,15806.48,43.4,271.9,0
2024-07-10,LATAM,Widget A,online,191,80.44,15364.04,9884.26,5479.78,46.5,119.0,0.628
2024-07-11,US,Gadget C,retail,347,107.43,37278.21,21789.27,15488.94,50.4,36.5,0.626
2024-07-12,APAC,Gadget C,retail,186,72.05,13401.3,7559.09,5842.21,46.1,170.2,0.601
2024-07-13,US,Gizmo D,partner,320,83.99,26876.8,16530.91,10345.89,68.5,186.6,0.593
2024-07-14,APAC,Gadget C,partner,257,100.4,25802.8,12638.51,13164.29,63.0,161.5,0.598
2024-07-15,US,Widget A,online,374,104.32,39015.68,21609.48,17406.2,44.5,264.3,0.943
2024-07-16,APAC,Widget B,retail,265,99.15,26274.75,13396.1,12878.65,54.6,252.1,1.034
2024-07-17,LATAM,Gadget C,retail,183,69.47,12713.01,7434.08,5278.93,89.0,192.0,0.64
2024-07-18,US,Gizmo D,retail,428,102.63,43925.64,26585.22,17340.42,68.0,232.7,0.038
2024-07-19,LATAM,Widget B,partner,167,89.58,14959.86,9248.69,5711.17,45.3,226.0,1.216
2024-07-20,US,Widget B,online,325,73.5,23887.5,12722.29,11165.21,48.5,180.3,0.644
2024-07-21,LATAM,Widget A,partner,122,56.59,6903.98,3555.62,3348.36,73.4,190.4,0.428
2024-07-22,APAC,Gadget C,partner,243,97.67,23733.81,13733.85,9999.96,75.4,218.4,0.67
2024-07-23,EU,Widget B,retail,271,57.99,15715.29,10129.8,5585.49,54.2,127.4,0.624
2024-07-24,APAC,Gizmo D,retail,218,114.76,25017.68,14868.83,10148.85,53.8,214.8,0.952
2024-07-25,LATAM,Gizmo D,retail,202,104.37,21082.74,10711.94,10370.8,53.9,260.8,0.315
2024-07-26,APAC,Gizmo D,online,174,83.09,14457.66,9203.82,5253.84,76.4,86.4,0.767
2024-07-27,EU,Widget B,online,294,82.48,24249.12,14006.02,10243.1,41.3,173.5,0.472
2024-07-28,EU,Widget A,partner,345,52.64,18160.8,10543.77,7617.03,86.8,194.9,0.365
2024-07-29,EU,Gadget C,retail,235,44.73,10511.55,6346.3,4165.25,74.3,119.2,0.458
2024-07-30,US,Widget B,retail,433,54.06,23407.98,14838.95,8569.03,93.3,172.6,0
2024-07-31,LATAM,Widget B,partner,209,114.08,23842.72,14910.01,8932.71,39.0,228.3,1.169
2024-08-01,APAC,Gizmo D,partner,225,79.51,17889.75,11408.51,6481.24,85.3,196.6,1.035
2024-08-02,EU,Widget A,retail,219,76.71,16799.49,8424.15,8375.34,48.7,283.2,0.598
2024-08-03,EU,Widget B,partner,336,111.76,37551.36,23109.03,14442.33,66.7,73.8,0.124
2024-08-04,US,Widget B,online,357,114.87,41008.59,18509.88,22498.71,59.4,188.8,0.471
2024-08-05,US,Gadget C,partner,333,58.9,19613.7,11445.72,8167.98,63.8,96.3,0.767
2024-08-06,APAC,Widget A,partner,281,63.6,17871.6,10239.09,7632.51,50.2,87.3,0.785
2024-08-07,APAC,Gizmo D,partner,233,77.67,18097.11,10089.2,8007.91,74.3,113.0,0.909
2024-08-08,EU,Widget A,partner,276,96.3,26578.8,12375.64,14203.16,68.7,63.3,0.16
2024-08-09,EU,Widget B,retail,347,75.35,26146.45,15323.36,10823.09,76.7,192.9,0.395
2024-08-10,LATAM,Widget A,retail,134,73.23,9812.82,5522.48,4290.34,67.9,245.5,0.478
2024-08-11,APAC,Widget A,partner,192,45.84,8801.28,4706.39,4094.89,75.2,202.7,0.559
2024-08-12,US,Widget A,retail,273,72.71,19849.83,11985.22,7864.61,78.4,326.7,0.309
2024-08-13,LATAM,Gizmo D,retail,163,94.62,15423.06,8981.75,6441.31,66.0,228.0,0.251
2024-08-14,APAC,Widget A,online,306,71.44,21860.64,10394.07,11466.57,89.0,274.7,0.532
2024-08-15,LATAM,Gizmo D,partner,165,58.37,9631.05,5221.23,4409.82,45.1,91.4,0
2024-08-16,US,Widget A,partner,370,101.28,37473.6,23486.63,13986.97,37.5,94.4,0.563
2024-08-17,US,Widget B,partner,284,75.12,21334.08,11903.39,9430.69,75.8,244.0,0.546
2024-08-18,EU,Gadget C,online,361,98.52,35565.72,18272.98,17292.74,67.3,212.6,0.391
2024-08-19,EU,Widget B,retail,269,44.88,12072.72,7722.97,4349.75,81.4,270.2,0.73
2024-08-20,LATAM,Gizmo D,online,236,115.33,27217.88,15902.55,11315.33,76.1,116.4,0.352
2024-08-21,LATAM,Widget B,partner,182,107.95,19646.9,10022.81,9624.09,71.6,235.7,0.586
2024-08-22,US,Gizmo D,retail,419,50.73,21255.87,10597.58,10658.29,45.7,193.6,1.013
2024-08-23,US,Widget B,online,351,93.89,32955.39,18803.83,14151.56,79.0,80.3,0.227
2024-08-24,EU,Gizmo D,online,386,66.64,25723.04,16498.86,9224.18,35.7,259.7,0.646
2024-08-25,LATAM,Widget B,partner,202,56.36,11384.72,7206.82,4177.9,62.0,219.5,0.465
2024-08-26,LATAM,Gizmo D,partner,209,64.67,13516.03,7054.41,6461.62,77.9,145.0,0.656
2024-08-27,APAC,Widget B,retail,229,43.66,9998.14,6227.01,3771.13,70.5,37.9,0.046
2024-08-28,LATAM,Gadget C,online,159,58.4,9285.6,5236.69,4048.91,45.9,165.4,0.755
2024-08-29,LATAM,Gizmo D,retail,157,103.6,16265.2,7869.97,8395.23,68.5,151.3,0.405
2024-08-30,US,Widget A,online,542,93.46,50655.32,30538.46,20116.86,53.3,237.9,0.555
2024-08-31,US,Widget B,partner,419,44.84,18787.96,10850.91,7937.05,77.8,257.3,0.967
2024-09-01,LATAM,Widget A,online,204,72.91,14873.64,6742.89,8130.75,67.3,167.4,0.419
2024-09-02,LATAM,Widget B,online,252,81.95,20651.4,10288.4,10363.0,62.1,98.9,0.845
2024-09-03,APAC,Gadget C,retail,202,116.74,23581.48,12776.44,10805.04,44.2,213.4,0.326
2024-09-04,US,Widget A,online,417,70.17,29260.89,15953.07,13307.82,62.2,218.5,1.035
2024-09-05,US,Gizmo D,retail,484,66.5,32186.0,20774.96,11411.04,77.5,272.9,0.689
2024-09-06,LATAM,Gadget C,online,259,94.75,24540.25,12419.2,12121.05,57.3,214.6,0.395
2024-09-07,EU,Gadget C,online,443,86.96,38523.28,23131.34,15391.94,64.9,147.8,0.658
2024-09-08,EU,Gizmo D,partner,433,66.54,28811.82,17319.41,11492.41,38.4,314.8,0.583
2024-09-09,US,Gadget C,online,347,58.57,20323.79,9454.7,10869.09,59.5,214.6,0
2024-09-10,APAC,Widget A,partner,245,119.41,29255.45,16035.52,13219.93,48.0,313.0,0.053
2024-09-11,LATAM,Widget B,partner,225,70.41,15842.25,9575.59,6266.66,45.1,114.4,0.712
2024-09-12,LATAM,Widget B,partner,201,68.86,13840.86,6481.73,7359.13,74.3,175.5,0.606
2024-09-13,APAC,Widget A,online,217,74.48,16162.16,9073.39,7088.77,54.7,74.6,0.822
2024-09-14,APAC,Gizmo D,online,254,71.02,18039.08,8423.17,9615.91,72.1,322.1,0.704
2024-09-15,EU,Widget B,partner,340,51.11,17377.4,8866.41,8510.99,53.7,64.1,0.212
2024-09-16,LATAM,Widget A,retail,188,59.73,11229.24,6456.89,4772.35,58.2,106.4,0.625
2024-09-17,US,Widget B,retail,339,71.66,24292.74,15020.75,9271.99,48.6,318.7,0.204
2024-09-18,EU,Gadget C,retail,396,95.62,37865.52,20667.07,17198.45,39.5,172.8,0.617
2024-09-19,APAC,Gadget C,partner,336,79.28,26638.08,15055.2,11582.88,42.5,166.5,0.622
2024-09-20,US,Widget B,partner,638,54.39,34700.82,20942.76,13758.06,32.8,279.9,0.226
2024-09-21,EU,Gizmo D,retail,456,45.53,20761.68,12863.06,7898.62,67.7,262.7,0.663
2024-09-22,APAC,Widget B,partner,292,70.16,20486.72,11059.0,9427.72,58.9,233.2,0.695
2024-09-23,LATAM,Widget A,retail,259,104.98,27189.82,15464.59,11725.23,73.5,80.9,0.505
2024-09-24,EU,Widget A,partner,500,94.2,47100.0,24959.4,22140.6,66.3,353.5,0.943
2024-09-25,LATAM,Widget A,online,177,57.76,10223.52,6127.68,4095.84,57.7,262.9,0.553
2024-09-26,LATAM,Widget B,retail,305,78.62,23979.1,12207.43,11771.67,74.6,71.8,0.786
2024-09-27,EU,Gadget C,retail,357,102.74,36678.18,20327.89,16350.29,48.5,74.6,0.442
2024-09-28,US,Gadget C,online,611,49.21,30067.31,18636.8,11430.51,62.6,251.3,0.176
2024-09-29,EU,Widget B,partner,321,52.81,16952.01,9526.52,7425.49,77.5,113.2,0.342
2024-09-30,LATAM,Gizmo D,online,275,110.65,30428.75,16428.94,13999.81,53.1,43.8,0.608
2024-10-01,EU,Widget B,retail,464,104.7,48580.8,22469.24,26111.56,37.9,297.1,0.603
2024-10-02,LATAM,Widget A,retail,268,79.16,21214.88,13645.06,7569.82,48.2,152.9,0.746
2024-10-03,LATAM,Widget A,retail,223,76.63,17088.49,8279.47,8809.02,65.7,266.4,0.85
2024-10-04,EU,Gadget C,online,345,49.36,17029.2,8934.56,8094.64,40.5,147.3,0.304
2024-10-05,EU,Gizmo D,retail,334,90.84,30340.56,17861.08,12479.48,65.2,310.8,0.173
2024-10-06,EU,Widget B,retail,499,89.55,44685.45,27843.7,16841.75,80.6,167.5,0.382
2024-10-07,EU,Gizmo D,partner,417,79.6,33193.2,19482.39,13710.81,54.8,257.5,0.376
2024-10-08,US,Widget B,retail,391,57.99,22674.09,11512.41,11161.68,73.2,182.4,0.509
2024-10-09,LATAM,Widget A,partner,193,102.01,19687.93,12101.32,7586.61,53.1,244.4,0.962
2024-10-10,EU,Gizmo D,online,482,92.29,44483.78,22219.93,22263.85,78.9,43.7,0.624
2024-10-11,APAC,Gadget C,online,327,119.52,39083.04,23650.18,15432.86,47.2,234.6,0.263
2024-10-12,LATAM,Widget B,partner,200,56.53,11306.0,5555.64,5750.36,38.5,120.1,0.354
2024-10-13,APAC,Widget B,retail,441,63.41,27963.81,15786.89,12176.92,84.4,158.4,0.946
2024-10-14,EU,Gizmo D,online,557,109.36,60913.52,28956.92,31956.6,80.5,93.9,0.176
2024-10-15,APAC,Widget B,partner,323,51.37,16592.51,9565.26,7027.25,68.7,123.5,0.975
2024-10-16,US,Gizmo D,partner,648,95.58,61935.84,38738.61,23197.23,60.1,150.2,0.744
2024-10-17,US,Widget A,partner,726,90.79,65913.54,38853.25,27060.29,81.1,223.7,0
2024-10-18,EU,Gizmo D,retail,390,62.69,24449.1,13678.35,10770.75,43.7,238.1,0.972
2024-10-19,APAC,Widget A,online,266,102.71,27320.86,14805.62,12515.24,43.6,241.0,0.49
2024-10-20,LATAM,Widget B,partner,329,110.57,36377.53,18566.11,17811.42,83.7,247.8,0.504
2024-10-21,US,Gadget C,retail,430,93.16,40058.8,23225.38,16833.42,40.2,188.9,0.424
2024-10-22,LATAM,Widget A,partner,201,57.07,11471.07,5340.79,6130.28,69.4,165.0,0.002
2024-10-23,LATAM,Widget A,online,298,105.37,31400.26,20335.78,11064.48,60.5,69.6,0.766
2024-10-24,US,Widget A,retail,534,63.94,34143.96,17978.3,16165.66,81.8,261.7,0.627
2024-10-25,EU,Widget A,partner,465,88.83,41305.95,19943.48,21362.47,57.0,93.2,0.493
2024-10-26,LATAM,Widget B,online,334,51.2,17100.8,8116.58,8984.22,77.8,131.8,0
2024-10-27,LATAM,Gadget C,online,229,91.57,20969.53,10477.08,10492.45,71.0,234.8,0.345
2024-10-28,US,Gadget C,online,594,80.76,47971.44,28762.18,19209.26,54.4,54.7,1.197
2024-10-29,EU,Gizmo D,retail,348,79.97,27829.56,15829.06,12000.5,67.3,316.1,1.197
2024-10-30,EU,Gizmo D,partner,433,83.71,36246.43,17563.35,18683.08,64.3,324.8,0.442
2024-10-31,US,Widget A,partner,439,60.97,26765.83,12257.82,14508.01,41.8,272.6,0.078
2024-11-01,LATAM,Gizmo D,partner,258,91.24,23539.92,13124.24,10415.68,46.9,67.3,0.482
2024-11-02,US,Widget B,online,609,71.26,43397.34,25034.14,18363.2,84.4,248.8,0.925
2024-11-03,EU,Widget A,online,345,74.76,25792.2,13945.18,11847.02,72.0,138.5,0.688
2024-11-04,EU,Widget A,online,518,96.12,49790.16,24037.02,25753.14,90.9,206.5,0.599
2024-11-05,EU,Gadget C,online,531,109.88,58346.28,34808.64,23537.64,44.9,327.0,0.031
2024-11-06,APAC,Gizmo D,retail,375,61.04,22890.0,14764.28,8125.72,72.8,202.2,0.399
2024-11-07,EU,Gadget C,online,395,48.23,19050.85,10759.59,8291.26,77.9,118.3,0.493
2024-11-08,US,Widget A,online,511,77.74,39725.14,20919.1,18806.04,46.5,344.2,0.738
2024-11-09,LATAM,Widget B,retail,237,113.27,26844.99,13797.98,13047.01,83.2,229.7,0.203
2024-11-10,US,Widget A,online,505,81.26,41036.3,18843.28,22193.02,59.8,328.4,0.844
2024-11-11,APAC,Gadget C,online,385,40.64,15646.4,7668.84,7977.56,68.5,143.8,0.114
2024-11-12,EU,Gizmo D,retail,493,79.47,39178.71,23684.42,15494.29,48.3,334.8,0.515
2024-11-13,US,Gizmo D,online,510,67.71,34532.1,21337.9,13194.2,84.8,349.4,0.276
2024-11-14,US,Gizmo D,partner,692,48.32,33437.44,18589.98,14847.46,50.2,201.4,1.45
2024-11-15,APAC,Widget A,online,470,111.78,52536.6,29102.75,23433.85,74.7,162.1,0.875
2024-11-16,US,Widget A,partner,476,105.6,50265.6,23371.8,26893.8,67.3,179.9,0.715
2024-11-17,APAC,Gadget C,retail,421,98.83,41607.43,21370.06,20237.37,51.3,66.9,0.451
2024-11-18,EU,Widget B,partner,359,48.45,17393.55,9391.01,8002.54,53.2,80.0,0.176
2024-11-19,LATAM,Gadget C,retail,242,49.59,12000.78,5778.65,6222.13,72.4,289.7,0.9
2024-11-20,US,Widget B,retail,483,96.89,46797.87,30122.85,16675.02,56.9,56.4,0.332
2024-11-21,EU,Widget A,retail,571,84.48,48238.08,27014.49,21223.59,41.0,70.7,1.03
2024-11-22,EU,Widget A,online,347,102.48,35560.56,17583.19,17977.37,46.1,154.2,0.225
2024-11-23,US,Gadget C,online,436,45.16,19689.76,12414.38,7275.38,58.3,75.7,0
2024-11-24,APAC,Widget A,online,477,44.05,21011.85,13338.88,7672.97,57.4,237.1,0.205
2024-11-25,LATAM,Widget B,retail,234,54.97,12862.98,6508.29,6354.69,79.6,47.6,0.507
2024-11-26,EU,Gadget C,retail,446,84.06,37490.76,17328.07,20162.69,48.9,73.7,0.695
2024-11-27,EU,Widget A,retail,551,68.73,37870.23,21165.81,16704.42,58.8,273.0,1.092
2024-11-28,APAC,Gizmo D,retail,304,65.51,19915.04,9834.13,10080.91,78.7,234.3,1.365
2024-11-29,APAC,Widget B,online,286,92.55,26469.3,13322.14,13147.16,74.2,265.4,0.834
2024-11-30,US,Widget B,partner,739,103.79,76700.81,39958.13,36742.68,74.9,243.9,0.68
2024-12-01,APAC,Widget A,partner,421,115.8,48751.8,27433.68,21318.12,61.0,80.8,0.859
2024-12-02,LATAM,Gadget C,online,280,47.22,13221.6,6564.85,6656.75,44.1,161.6,1.171
2024-12-03,EU,Widget B,retail,531,113.5,60268.5,37297.57,22970.93,48.8,39.5,0.503
2024-12-04,EU,Widget A,partner,571,116.84,66715.64,35006.91,31708.73,77.9,128.4,0.705
2024-12-05,EU,Widget B,partner,595,103.35,61493.25,39486.81,22006.44,63.6,75.5,0.651
2024-12-06,APAC,Widget B,partner,394,54.03,21287.82,10885.84,10401.98,65.1,64.4,0.403
2024-12-07,LATAM,Widget A,online,298,113.68,33876.64,21799.83,12076.81,42.9,169.3,0
2024-12-08,LATAM,Widget B,retail,321,59.04,18951.84,12251.91,6699.93,40.3,247.2,0.9
2024-12-09,APAC,Gizmo D,online,320,59.96,19187.2,8894.4,10292.8,44.2,60.8,0.749
2024-12-10,US,Widget A,retail,583,73.57,42891.31,20727.98,22163.33,51.2,251.1,0.327
2024-12-11,LATAM,Widget B,online,271,103.94,28167.74,12863.72,15304.02,33.0,100.3,0.734
2024-12-12,US,Widget A,retail,484,70.04,33899.36,20217.48,13681.88,56.9,262.2,0.836
2024-12-13,LATAM,Widget A,retail,352,53.2,18726.4,11759.26,6967.14,39.0,62.5,0.722
2024-12-14,EU,Widget B,retail,517,97.76,50541.92,30122.72,20419.2,43.7,110.6,0.507
2024-12-15,LATAM,Widget B,online,254,74.21,18849.34,9592.62,9256.72,61.6,197.1,0.595
2024-12-16,EU,Widget A,online,380,91.06,34602.8,22333.05,12269.75,53.0,69.8,0.574
2024-12-17,APAC,Widget A,partner,377,54.79,20655.83,12953.24,7702.59,48.2,162.2,0.17
2024-12-18,APAC,Gizmo D,retail,315,106.97,33695.55,18965.52,14730.03,38.3,235.6,0.866
2024-12-19,LATAM,Widget B,partner,202,70.97,14335.94,7949.51,6386.43,75.0,237.3,0.754
2024-12-20,LATAM,Widget B,retail,241,71.58,17250.78,10709.08,6541.7,33.1,207.9,0.112
2024-12-21,EU,Widget A,retail,366,118.75,43462.5,28008.67,15453.83,67.9,79.7,0.459
2024-12-22,LATAM,Widget A,partner,262,119.78,31382.36,18058.83,13323.53,69.1,120.5,1.063
2024-12-23,US,Widget A,retail,610,84.16,51337.6,31897.33,19440.27,55.1,323.5,0.147
2024-12-24,US,Gizmo D,online,558,51.86,28937.88,16424.76,12513.12,66.0,334.7,0.844
2024-12-25,US,Gadget C,partner,720,110.23,79365.6,39907.19,39458.41,61.4,223.5,0.325
2024-12-26,LATAM,Widget A,online,233,51.51,12001.83,6861.82,5140.01,63.4,57.4,0.707
2024-12-27,EU,Widget A,partner,442,61.49,27178.58,14254.84,12923.74,47.4,298.0,0.328
2024-12-28,APAC,Gadget C,retail,435,94.79,41233.65,26575.06,14658.59,42.5,141.9,0.48
2024-12-29,APAC,Gadget C,partner,339,91.64,31065.96,15147.36,15918.6,41.9,310.7,0
2024-12-30,LATAM,Gadget C,online,269,52.72,14181.68,7264.21,6917.47,55.7,89.7,0.867
2024-12-31,US,Widget B,online,706,56.06,39578.36,18266.42,21311.94,34.0,62.3,0.004
2025-01-01,APAC,Widget B,retail,325,77.14,25070.5,13272.03,11798.47,75.7,264.7,0.518
2025-01-02,LATAM,Widget B,retail,278,67.98,18898.44,9122.33,9776.11,74.8,285.2,0.847
2025-01-03,US,Gadget C,online,532,53.03,28211.96,15924.29,12287.67,78.5,317.9,0.229
2025-01-04,APAC,Gizmo D,partner,249,102.42,25502.58,15391.18,10111.4,33.6,332.5,0.139
2025-01-05,EU,Widget A,online,371,104.41,38736.11,19797.71,18938.4,79.6,245.3,0.241
2025-01-06,APAC,Gizmo D,retail,289,64.17,18545.13,10276.37,8268.76,63.6,224.5,0.634
2025-01-07,US,Gadget C,partner,613,88.72,54385.36,27719.96,26665.4,39.1,62.9,0.928
2025-01-08,APAC,Gadget C,partner,389,111.39,43330.71,22088.19,21242.52,41.4,272.6,0.469
2025-01-09,US,Gizmo D,partner,499,51.19,25543.81,11624.76,13919.05,58.7,129.5,0.755
2025-01-10,US,Widget B,retail,633,57.79,36581.07,20372.99,16208.08,73.3,304.7,0.331
2025-01-11,APAC,Gadget C,online,412,110.12,45369.44,22059.85,23309.59,39.6,77.2,0.47
2025-01-12,EU,Gadget C,partner,321,68.42,21962.82,13152.26,8810.56,50.4,260.6,1.045
2025-01-13,APAC,Gadget C,retail,357,77.1,27524.7,13034.49,14490.21,37.9,213.5,0.134
2025-01-14,LATAM,Widget B,partner,195,94.46,18419.7,10240.76,8178.94,56.4,273.3,0.298
2025-01-15,EU,Widget B,online,381,118.98,45331.38,28493.9,16837.48,86.0,75.7,0.623
2025-01-16,US,Gizmo D,retail,588,54.15,31840.2,18368.6,13471.6,36.2,108.2,0.356
2025-01-17,EU,Widget B,retail,490,102.38,50166.2,23873.15,26293.05,58.5,146.2,0.192
2025-01-18,US,Widget A,partner,444,69.85,31013.4,14043.35,16970.05,53.1,245.3,0.647
2025-01-19,EU,Widget A,partner,291,98.69,28718.79,14223.07,14495.72,82.4,112.7,0.784
2025-01-20,APAC,Widget B,online,395,63.86,25224.7,12818.32,12406.38,75.0,180.8,0.713
2025-01-21,APAC,Gizmo D,partner,427,67.42,28788.34,18144.62,10643.72,56.0,80.2,1.136
2025-01-22,LATAM,Widget A,online,205,118.79,24351.95,11986.96,12364.99,38.3,155.5,0.285
2025-01-23,US,Gadget C,partner,580,42.99,24934.2,15591.58,9342.62,51.0,161.8,1.426
2025-01-24,US,Widget A,online,590,73.34,43270.6,22762.53,20508.07,66.8,147.0,0.792
2025-01-25,EU,Widget B,partner,451,40.74,18373.74,9814.78,8558.96,43.1,157.9,0.166
2025-01-26,LATAM,Widget A,partner,274,49.42,13541.08,6402.26,7138.82,43.6,81.5,0.175
2025-01-27,EU,Gadget C,partner,517,68.63,35481.71,18874.54,16607.17,46.6,165.8,0.887
2025-01-28,LATAM,Gadget C,online,169,93.73,15840.37,10001.23,5839.14,83.5,196.3,0.255
2025-01-29,EU,Widget A,partner,298,97.89,29171.22,18405.75,10765.47,73.3,146.5,0.733
2025-01-30,US,Widget A,online,635,108.18,68694.3,35861.37,32832.93,75.3,140.7,0.467
2025-01-31,US,Widget A,online,364,51.07,18589.48,10771.48,7818.0,56.3,260.3,0.728
2025-02-01,US,Gadget C,retail,417,72.06,30049.02,19305.35,10743.67,53.3,134.7,0.434
2025-02-02,LATAM,Gizmo D,partner,291,53.34,15521.94,7396.24,8125.7,78.3,291.6,0.578
2025-02-03,LATAM,Gizmo D,online,251,102.33,25684.83,14698.7,10986.13,85.9,270.0,0.384
2025-02-04,EU,Gizmo D,retail,301,72.9,21942.9,10076.06,11866.84,52.9,122.9,0.373
2025-02-05,EU,Gadget C,partner,396,96.05,38035.8,17840.63,20195.17,74.9,107.3,0.067
2025-02-06,APAC,Gizmo D,online,375,84.67,31751.25,20560.79,11190.46,41.5,219.6,0.822
2025-02-07,LATAM,Widget B,online,268,65.65,17594.2,9081.76,8512.44,53.7,184.9,0.986
2025-02-08,LATAM,Gizmo D,online,173,75.54,13068.42,7378.52,5689.9,43.2,185.8,0.16
2025-02-09,US,Widget A,retail,475,84.57,40170.75,18078.2,22092.55,43.3,220.2,1.271
2025-02-10,APAC,Widget B,partner,339,116.03,39334.17,20558.73,18775.44,41.2,109.6,0.131
2025-02-11,LATAM,Gadget C,partner,223,47.79,10657.17,6200.15,4457.02,38.3,151.4,0.609
2025-02-12,APAC,Gadget C,partner,233,111.75,26037.75,14281.3,11756.45,82.8,272.8,0.307
2025-02-13,EU,Widget B,online,479,71.43,34214.97,18524.3,15690.67,80.3,268.1,0.624
2025-02-14,US,Gizmo D,online,621,107.0,66447.0,37726.1,28720.9,79.6,186.9,0.092
2025-02-15,EU,Gizmo D,online,386,43.89,16941.54,10792.81,6148.73,82.8,198.8,0
2025-02-16,EU,Widget B,partner,450,48.28,21726.0,12633.76,9092.24,70.0,148.5,0.73
2025-02-17,EU,Gadget C,retail,482,117.64,56702.48,30651.61,26050.87,44.5,178.4,0.288
2025-02-18,APAC,Gadget C,partner,344,84.29,28995.76,14308.49,14687.27,48.3,275.9,0.238
2025-02-19,EU,Widget B,partner,385,90.95,35015.75,20731.79,14283.96,77.2,227.0,0
2025-02-20,LATAM,Gadget C,retail,266,81.82,21764.12,9903.86,11860.26,44.4,261.4,0.655
2025-02-21,EU,Gadget C,partner,318,107.15,34073.7,20039.39,14034.31,52.0,287.1,0.975
2025-02-22,US,Gadget C,retail,369,109.44,40383.36,24145.15,16238.21,81.3,281.9,0.295
2025-02-23,APAC,Widget A,retail,278,116.54,32398.12,20902.12,11496.0,52.3,219.6,0.417
2025-02-24,US,Gadget C,online,519,102.47,53181.93,33186.78,19995.15,78.6,330.1,0.378
2025-02-25,EU,Widget B,retail,360,118.68,42724.8,19862.49,22862.31,84.8,271.8,0.084
2025-02-26,US,Gizmo D,online,462,84.53,39052.86,18589.68,20463.18,65.1,121.6,0.271
2025-02-27,EU,Widget A,online,466,87.75,40891.5,24728.41,16163.09,66.8,297.1,0.913
2025-02-28,APAC,Gizmo D,partner,305,45.83,13978.15,8268.58,5709.57,61.3,326.2,0
2025-03-01,EU,Gizmo D,partner,378,47.36,17902.08,8847.92,9054.16,45.4,138.5,0.432
2025-03-02,APAC,Gadget C,online,375,89.46,33547.5,18282.43,15265.07,62.3,256.5,0.412
2025-03-03,APAC,Gizmo D,online,367,89.1,32699.7,18777.03,13922.67,81.4,232.2,0.381
2025-03-04,APAC,Gizmo D,online,275,83.22,22885.5,11593.01,11292.49,78.5,266.4,0.118
2025-03-05,LATAM,Gizmo D,online,194,92.12,17871.28,9186.96,8684.32,37.9,64.7,0.882
2025-03-06,US,Widget A,online,528,101.89,53797.92,33515.58,20282.34,54.1,65.6,0.046
2025-03-07,LATAM,Widget A,partner,246,41.9,10307.4,6116.14,4191.26,35.3,56.4,0.39
2025-03-08,EU,Gadget C,partner,273,105.73,28864.29,18247.93,10616.36,52.6,152.4,0.284
2025-03-09,LATAM,Widget A,partner,155,97.62,15131.1,7000.37,8130.73,68.3,47.5,0.648
2025-03-10,US,Gadget C,partner,366,102.95,37679.7,19226.83,18452.87,36.9,225.8,0.222
2025-03-11,US,Gizmo D,online,489,50.91,24894.99,13149.5,11745.49,69.9,169.0,0.615
2025-03-12,EU,Gadget C,partner,455,117.23,53339.65,33253.42,20086.23,62.6,267.0,1.11
2025-03-13,EU,Widget A,online,260,87.73,22809.8,12714.88,10094.92,76.1,107.7,0.543
2025-03-14,APAC,Widget B,retail,368,108.12,39788.16,19038.28,20749.88,40.7,181.6,0.497
2025-03-15,US,Gizmo D,partner,496,63.25,31372.0,14540.06,16831.94,36.6,206.9,0.648
2025-03-16,LATAM,Gadget C,retail,173,92.44,15992.12,7516.44,8475.68,60.2,248.2,0.364
2025-03-17,APAC,Widget B,partner,309,104.62,32327.58,20745.64,11581.94,39.5,108.8,0.799
2025-03-18,EU,Gizmo D,retail,448,50.74,22731.52,13561.5,9170.02,71.6,145.1,0.338
2025-03-19,US,Widget B,partner,515,107.34,55280.1,34370.0,20910.1,38.0,164.4,0.699
2025-03-20,APAC,Widget A,partner,222,41.49,9210.78,5079.15,4131.63,33.0,176.5,0.168
2025-03-21,US,Gadget C,partner,601,83.17,49985.17,29030.47,20954.7,38.3,132.0,0.725
2025-03-22,APAC,Widget B,retail,300,47.24,14172.0,7408.74,6763.26,32.0,95.4,1.328
2025-03-23,EU,Widget B,retail,299,85.31,25507.69,14364.97,11142.72,70.8,73.4,0.309
2025-03-24,LATAM,Gadget C,online,188,79.01,14853.88,6870.99,7982.89,48.1,47.9,0.676
2025-03-25,APAC,Gizmo D,retail,378,110.52,41776.56,19132.87,22643.69,60.7,64.7,1.131
2025-03-26,APAC,Gadget C,partner,311,53.91,16766.01,9736.61,7029.4,48.0,213.1,0.685
2025-03-27,LATAM,Widget B,partner,215,105.38,22656.7,11758.97,10897.73,67.4,280.9,0.189
2025-03-28,US,Widget B,retail,396,46.17,18283.32,10580.47,7702.85,41.2,91.7,0.191
2025-03-29,US,Widget B,retail,590,97.62,57595.8,31464.78,26131.02,53.4,100.1,0.863
2025-03-30,EU,Gizmo D,online,324,50.23,16274.52,9251.57,7022.95,37.9,189.0,0.631
2025-03-31,EU,Gadget C,online,388,72.44,28106.72,18096.48,10010.24,61.0,299.7,0.393
2025-04-01,APAC,Widget A,online,299,119.42,35706.58,22261.64,13444.94,39.8,290.3,0.07
2025-04-02,EU,Gadget C,online,440,67.41,29660.4,16037.2,13623.2,59.3,112.9,0.184
2025-04-03,LATAM,Widget B,online,165,81.82,13500.3,8530.41,4969.89,63.9,297.7,0.352
2025-04-04,US,Widget A,online,502,50.43,25315.86,14447.63,10868.23,70.8,323.3,0.385
2025-04-05,LATAM,Gizmo D,retail,288,95.81,27593.28,14784.24,12809.04,76.3,196.4,0.533
2025-04-06,US,Gizmo D,online,437,101.27,44254.99,27969.91,16285.08,36.7,234.9,0.223
2025-04-07,LATAM,Gadget C,online,167,99.49,16614.83,7500.31,9114.52,57.6,211.5,0.356
2025-04-08,APAC,Gizmo D,retail,243,74.09,18003.87,10209.53,7794.34,45.6,217.8,0.644
2025-04-09,APAC,Gadget C,partner,300,56.3,16890.0,9465.51,7424.49,60.0,103.5,0.179
2025-04-10,APAC,Gadget C,partner,301,51.05,15366.05,9569.46,5796.59,39.3,120.0,0.375
2025-04-11,EU,Widget A,online,405,102.89,41670.45,25426.09,16244.36,63.5,266.1,0.782
2025-04-12,US,Widget A,online,518,88.02,45594.36,21321.21,24273.15,46.8,164.7,0.596
2025-04-13,US,Gizmo D,retail,566,81.68,46230.88,27383.53,18847.35,63.5,347.2,0.683
2025-04-14,LATAM,Widget A,online,297,114.46,33994.62,18820.46,15174.16,44.1,293.6,0.112
2025-04-15,EU,Widget B,partner,297,59.14,17564.58,7905.07,9659.51,42.5,357.8,0.552
2025-04-16,LATAM,Gizmo D,partner,203,41.23,8369.69,4944.18,3425.51,80.8,215.1,0.225
2025-04-17,APAC,Gadget C,retail,278,117.04,32537.12,17601.01,14936.11,55.5,45.2,0.662
2025-04-18,US,Gadget C,retail,689,104.24,71821.36,46062.05,25759.31,79.7,289.2,0.818
2025-04-19,APAC,Gizmo D,retail,349,101.6,35458.4,21328.04,14130.36,84.6,179.2,0.113
2025-04-20,US,Gizmo D,online,470,70.61,33186.7,20168.59,13018.11,47.2,247.3,0.597
2025-04-21,APAC,Gizmo D,retail,343,40.78,13987.54,8622.41,5365.13,48.9,67.9,0.243
2025-04-22,US,Widget B,retail,494,57.49,28400.06,16038.72,12361.34,45.8,251.4,0.006
2025-04-23,EU,Gizmo D,partner,352,98.83,34788.16,21726.89,13061.27,47.3,95.9,0.501
2025-04-24,EU,Widget A,online,542,94.06,50980.52,29705.57,21274.95,68.9,247.0,0.917
2025-04-25,US,Gizmo D,retail,607,79.39,48189.73,31182.24,17007.49,84.3,270.3,0
2025-04-26,APAC,Gizmo D,online,403,50.26,20254.78,11244.38,9010.4,59.6,284.0,0.55
2025-04-27,US,Gadget C,retail,697,102.07,71142.79,38519.5,32623.29,43.7,170.4,0.484
2025-04-28,EU,Gizmo D,partner,337,68.93,23229.41,14457.25,8772.16,47.5,102.8,0.536
2025-04-29,APAC,Gizmo D,partner,323,54.71,17671.33,9450.43,8220.9,60.2,223.4,0.299
2025-04-30,LATAM,Widget B,partner,209,86.07,17988.63,8917.2,9071.43,43.2,101.6,0.728
2025-05-01,EU,Gizmo D,retail,369,104.0,38376.0,22937.66,15438.34,63.5,37.1,0.358
2025-05-02,APAC,Gizmo D,retail,309,108.68,33582.12,15432.39,18149.73,43.4,73.8,0.576
2025-05-03,EU,Gadget C,retail,550,47.7,26235.0,15712.63,10522.37,52.3,120.5,0
2025-05-04,APAC,Widget A,retail,284,109.39,31066.76,19964.22,11102.54,49.1,171.3,0.307
2025-05-05,EU,Gadget C,retail,414,80.84,33467.76,20246.28,13221.48,62.8,52.7,0.247
2025-05-06,EU,Widget B,partner,552,66.99,36978.48,21309.02,15669.46,69.7,236.3,0.281
2025-05-07,US,Widget A,online,552,65.08,35924.16,20857.66,15066.5,77.5,179.0,0.003
2025-05-08,APAC,Gizmo D,retail,302,108.34,32718.68,15541.63,17177.05,51.4,95.0,0.883
2025-05-09,US,Widget B,online,579,47.64,27583.56,17580.62,10002.94,64.5,47.8,0.548
2025-05-10,US,Widget A,retail,665,46.74,31082.1,19778.1,11304.0,59.9,91.4,0.138
2025-05-11,APAC,Gizmo D,partner,298,82.14,24477.72,11850.19,12627.53,40.4,124.4,1.017
2025-05-12,LATAM,Gadget C,partner,280,117.56,32916.8,19405.26,13511.54,48.2,187.1,0.196
2025-05-13,LATAM,Gadget C,retail,289,58.17,16811.13,7866.11,8945.02,55.3,142.6,0.524
2025-05-14,EU,Gadget C,retail,481,40.67,19562.27,12410.65,7151.62,90.3,162.1,0.536
